<?xml version="1.0" encoding="utf-8" standalone="yes"?><Edmx xmlns:edmx="http://schemas.microsoft.com/ado/2007/06/edmx" Version="1.0"><DataServices xmlns:m="http://schemas.microsoft.com/ado/2007/08/dataservices/metadata" m:DataServiceVersion="2.0"><Schema xmlns:d="http://schemas.microsoft.com/ado/2007/08/dataservices" xmlns:m="http://schemas.microsoft.com/ado/2007/08/dataservices/metadata" xmlns="http://schemas.microsoft.com/ado/2008/09/edm" Namespace="mdk.hana.content"><EntityType Name="DeliveryHeaderType"><Key><PropertyRef Name="DELIVERYID"/></Key><Property Name="DELIVERYID" Type="Edm.String" Nullable="false" MaxLength="10"/><Property Name="GOODSISSUEID" Type="Edm.String" MaxLength="10"/><Property Name="GOODSISSUEACTUALDATE" Type="Edm.DateTime"/><Property Name="DELIVERYDATE" Type="Edm.DateTime"/><Property Name="DELIVERYPICKINGSTATUSCODE" Type="Edm.String" MaxLength="1"/><Property Name="DELIVERYGOODSISSUESTATUSCODE" Type="Edm.String" MaxLength="1"/><Property Name="DELIVERYCONFIRMATIONSTATUSCODE" Type="Edm.String" MaxLength="1"/><Property Name="SHIPTOPARTYID" Type="Edm.String" MaxLength="10"/><Property Name="SHIPTOPARTYNAME" Type="Edm.String" MaxLength="35"/><Property Name="EDITABLESTATUSCODE" Type="Edm.String" MaxLength="1"/><Property Name="CREATEDAT" Type="Edm.DateTime"/><Property Name="CREATEBY" Type="Edm.String" MaxLength="255"/><Property Name="CHANGEDAT" Type="Edm.DateTime"/><Property Name="CHANGEBY" Type="Edm.String" MaxLength="255"/><NavigationProperty Name="DeliveryItems" Relationship="mdk.hana.content.DO_ItemType" FromRole="DeliveryHeaderPrincipal" ToRole="DeliveryItemsDependent"/></EntityType><EntityType Name="DeliveryItemsType"><Key><PropertyRef Name="DELIVERYID"/><PropertyRef Name="ITEMID"/></Key><Property Name="DELIVERYID" Type="Edm.String" Nullable="false" MaxLength="10"/><Property Name="ITEMID" Type="Edm.String" Nullable="false" MaxLength="10"/><Property Name="MATERIALID" Type="Edm.String" MaxLength="40"/><Property Name="ITEMNAME" Type="Edm.String" MaxLength="40"/><Property Name="DELIVERYQUANTITYINSALESUOM" Type="Edm.Decimal" Precision="13" Scale="3"/><Property Name="DELIVERYQUANTITYSALESUOMCODE" Type="Edm.String" MaxLength="3"/><Property Name="PICKEDQUANTITY" Type="Edm.Decimal" Precision="13" Scale="3"/><Property Name="PICKEDQUANTITYUOMCODE" Type="Edm.String" MaxLength="3"/><Property Name="ITEMPICKINGSTATUSCODE" Type="Edm.String" MaxLength="1"/><Property Name="ITEMCONFIRMATIONSTATUSCODE" Type="Edm.String" MaxLength="1"/><Property Name="REFERENCEDOCUMENTID" Type="Edm.String" MaxLength="10"/><Property Name="REFERENCEDOCUMENTITEMID" Type="Edm.String" MaxLength="6"/><Property Name="PLANTCODE" Type="Edm.String" MaxLength="4"/><Property Name="PLANTNAME" Type="Edm.String" MaxLength="30"/><Property Name="ITEMCATEGORYCODE" Type="Edm.String" MaxLength="4"/><Property Name="ITEMCATEGORYNAME" Type="Edm.String" MaxLength="20"/><Property Name="EDITABLESTATUSCODE" Type="Edm.String" MaxLength="1"/><Property Name="CREATEDAT" Type="Edm.DateTime"/><Property Name="CREATEBY" Type="Edm.String" MaxLength="255"/><Property Name="CHANGEDAT" Type="Edm.DateTime"/><Property Name="CHANGEBY" Type="Edm.String" MaxLength="255"/></EntityType><Association Name="DO_ItemType"><End Type="mdk.hana.content.DeliveryHeaderType" Role="DeliveryHeaderPrincipal" Multiplicity="1"/><End Type="mdk.hana.content.DeliveryItemsType" Role="DeliveryItemsDependent" Multiplicity="*"/></Association><EntityContainer Name="DeliveryOrderSRV" m:IsDefaultEntityContainer="true"><EntitySet Name="DeliveryHeader" EntityType="mdk.hana.content.DeliveryHeaderType"/><EntitySet Name="DeliveryItems" EntityType="mdk.hana.content.DeliveryItemsType"/><AssociationSet Name="DO_Item" Association="mdk.hana.content.DO_ItemType"><End Role="DeliveryHeaderPrincipal" EntitySet="DeliveryHeader"/><End Role="DeliveryItemsDependent" EntitySet="DeliveryItems"/></AssociationSet></EntityContainer></Schema></DataServices></Edmx>