<!DOCTYPE html PUBLIC "-//WAPFORUM//DTD XHTML Mobile 1.0//EN" "http://www.wapforum.org/DTD/xhtml-mobile10.dtd"><html xmlns="http://www.w3.org/1999/xhtml"><parsererror style="display: block; white-space: pre; border: 2px solid #c77; padding: 0 1em 0 1em; margin: 1em; background-color: #fdd; color: black"><h3>This page contains the following errors:</h3><div style="font-family:monospace;font-size:12px">error on line 1 at column 340: Opening and ending tag mismatch: meta line 0 and head
</div><h3>Below is a rendering of the page up to the first error.</h3></parsererror><head><meta name="viewport" content="width=device-width, initial-scale=1.0, maximum-scale=1.0, user-scalable=no, shrink-to-fit=no"><meta http-equiv="pragma" content="no-cache" /></meta></head></html>