<?xml version="1.0" encoding="utf-8"?><Edmx xmlns:edmx="http://schemas.microsoft.com/ado/2007/06/edmx" xmlns:m="http://schemas.microsoft.com/ado/2007/08/dataservices/metadata" xmlns:sap="http://www.sap.com/Protocols/SAPData" Version="1.0"><DataServices m:DataServiceVersion="2.0"><Schema xmlns="http://schemas.microsoft.com/ado/2008/09/edm" Namespace="YPJSRV_MDKSERVICE_SRV" xml:lang="en" sap:schema-version="1"><EntityType Name="GetPODetail" sap:content-version="1"><Key><PropertyRef Name="Purchaseorder"/></Key><Property Name="Purchaseorder" Type="Edm.String" Nullable="false" MaxLength="10" sap:unicode="false" sap:label="Purchasing Doc." sap:creatable="false" sap:updatable="false" sap:sortable="false" sap:filterable="false"/><Property Name="VendName" Type="Edm.String" Nullable="false" MaxLength="35" sap:unicode="false" sap:label="Name" sap:creatable="false" sap:updatable="false" sap:sortable="false" sap:filterable="false"/><Property Name="PoNumber" Type="Edm.String" Nullable="false" MaxLength="10" sap:unicode="false" sap:label="Purchasing Doc." sap:creatable="false" sap:updatable="false" sap:sortable="false" sap:filterable="false"/><Property Name="CoCode" Type="Edm.String" Nullable="false" MaxLength="4" sap:unicode="false" sap:label="Company Code" sap:creatable="false" sap:updatable="false" sap:sortable="false" sap:filterable="false"/><Property Name="DocCat" Type="Edm.String" Nullable="false" MaxLength="1" sap:unicode="false" sap:label="Doc. Category" sap:creatable="false" sap:updatable="false" sap:sortable="false" sap:filterable="false"/><Property Name="DocType" Type="Edm.String" Nullable="false" MaxLength="4" sap:unicode="false" sap:label="Document Type" sap:creatable="false" sap:updatable="false" sap:sortable="false" sap:filterable="false"/><Property Name="DeleteInd" Type="Edm.String" Nullable="false" MaxLength="1" sap:unicode="false" sap:label="Deletion ind." sap:creatable="false" sap:updatable="false" sap:sortable="false" sap:filterable="false"/><Property Name="Status" Type="Edm.String" Nullable="false" MaxLength="1" sap:unicode="false" sap:label="Status" sap:creatable="false" sap:updatable="false" sap:sortable="false" sap:filterable="false"/><Property Name="CreatedOn" Type="Edm.DateTime" Nullable="false" Precision="7" sap:unicode="false" sap:label="Created on" sap:creatable="false" sap:updatable="false" sap:sortable="false" sap:filterable="false"/><Property Name="CreatedBy" Type="Edm.String" Nullable="false" MaxLength="12" sap:unicode="false" sap:label="Created by" sap:creatable="false" sap:updatable="false" sap:sortable="false" sap:filterable="false"/><Property Name="Vendor" Type="Edm.String" Nullable="false" MaxLength="10" sap:unicode="false" sap:label="Vendor" sap:creatable="false" sap:updatable="false" sap:sortable="false" sap:filterable="false"/><Property Name="DocDate" Type="Edm.DateTime" Nullable="false" Precision="7" sap:unicode="false" sap:label="Document Date" sap:creatable="false" sap:updatable="false" sap:sortable="false" sap:filterable="false"/><Property Name="Telephone" Type="Edm.String" Nullable="false" MaxLength="16" sap:unicode="false" sap:label="Telephone" sap:creatable="false" sap:updatable="false" sap:sortable="false" sap:filterable="false"/><Property Name="SupplVend" Type="Edm.String" Nullable="false" MaxLength="10" sap:unicode="false" sap:label="Goods Supplier" sap:creatable="false" sap:updatable="false" sap:sortable="false" sap:filterable="false"/><Property Name="RejReason" Type="Edm.String" Nullable="false" MaxLength="2" sap:unicode="false" sap:label="RejectionReason" sap:creatable="false" sap:updatable="false" sap:sortable="false" sap:filterable="false"/><Property Name="PoItem" Type="Edm.String" Nullable="false" MaxLength="5" sap:unicode="false" sap:label="Item" sap:creatable="false" sap:updatable="false" sap:sortable="false" sap:filterable="false"/><Property Name="ChangedOn" Type="Edm.DateTime" Nullable="false" Precision="7" sap:unicode="false" sap:label="Changed On" sap:creatable="false" sap:updatable="false" sap:sortable="false" sap:filterable="false"/><Property Name="Material" Type="Edm.String" Nullable="false" MaxLength="18" sap:unicode="false" sap:label="Material" sap:creatable="false" sap:updatable="false" sap:sortable="false" sap:filterable="false"/><Property Name="PurMat" Type="Edm.String" Nullable="false" MaxLength="18" sap:unicode="false" sap:label="Material" sap:creatable="false" sap:updatable="false" sap:sortable="false" sap:filterable="false"/><Property Name="Plant" Type="Edm.String" Nullable="false" MaxLength="4" sap:unicode="false" sap:label="Plant" sap:creatable="false" sap:updatable="false" sap:sortable="false" sap:filterable="false"/><Property Name="StoreLoc" Type="Edm.String" Nullable="false" MaxLength="4" sap:unicode="false" sap:label="Stor. Loc." sap:creatable="false" sap:updatable="false" sap:sortable="false" sap:filterable="false"/><Property Name="Quantity" Type="Edm.Decimal" Nullable="false" Precision="13" Scale="3" sap:unicode="false" sap:label="PO Quantity" sap:creatable="false" sap:updatable="false" sap:sortable="false" sap:filterable="false"/><Property Name="Unit" Type="Edm.String" Nullable="false" MaxLength="3" sap:unicode="false" sap:label="Order Unit" sap:creatable="false" sap:updatable="false" sap:sortable="false" sap:filterable="false" sap:semantics="unit-of-measure"/><Property Name="RejInd" Type="Edm.Boolean" Nullable="false" sap:unicode="false" sap:label="Rejection Ind." sap:creatable="false" sap:updatable="false" sap:sortable="false" sap:filterable="false"/><Property Name="BaseUnit" Type="Edm.String" Nullable="false" MaxLength="3" sap:unicode="false" sap:label="Base Unit" sap:creatable="false" sap:updatable="false" sap:sortable="false" sap:filterable="false" sap:semantics="unit-of-measure"/><Property Name="Customer" Type="Edm.String" Nullable="false" MaxLength="10" sap:unicode="false" sap:label="Customer" sap:creatable="false" sap:updatable="false" sap:sortable="false" sap:filterable="false"/><Property Name="Address" Type="Edm.String" Nullable="false" MaxLength="10" sap:unicode="false" sap:label="Address" sap:creatable="false" sap:updatable="false" sap:sortable="false" sap:filterable="false"/></EntityType><EntityType Name="PurchaseOrderDetail" sap:content-version="1"><Key><PropertyRef Name="Ponumber"/><PropertyRef Name="Poitem"/><PropertyRef Name="Mdksysid"/></Key><Property Name="Mandt" Type="Edm.String" Nullable="false" MaxLength="3" sap:unicode="false" sap:label="Client" sap:creatable="false" sap:updatable="false" sap:sortable="false" sap:filterable="false"/><Property Name="Ponumber" Type="Edm.String" Nullable="false" MaxLength="10" sap:unicode="false" sap:label="Purchasing Doc." sap:creatable="false" sap:updatable="false" sap:sortable="false" sap:filterable="false"/><Property Name="Poitem" Type="Edm.String" Nullable="false" MaxLength="5" sap:unicode="false" sap:label="Item" sap:creatable="false" sap:updatable="false" sap:sortable="false" sap:filterable="false"/><Property Name="Mdksysid" Type="Edm.String" Nullable="false" MaxLength="20" sap:unicode="false" sap:label="Char20" sap:creatable="false" sap:updatable="false" sap:sortable="false" sap:filterable="false"/><Property Name="Cocode" Type="Edm.String" Nullable="false" MaxLength="4" sap:unicode="false" sap:label="Company Code" sap:creatable="false" sap:updatable="false" sap:sortable="false" sap:filterable="false"/><Property Name="Doccat" Type="Edm.String" Nullable="false" MaxLength="1" sap:unicode="false" sap:label="Doc. Category" sap:creatable="false" sap:updatable="false" sap:sortable="false" sap:filterable="false"/><Property Name="Doctype" Type="Edm.String" Nullable="false" MaxLength="4" sap:unicode="false" sap:label="Document Type" sap:creatable="false" sap:updatable="false" sap:sortable="false" sap:filterable="false"/><Property Name="Deleteind" Type="Edm.String" Nullable="false" MaxLength="1" sap:unicode="false" sap:label="Deletion ind." sap:creatable="false" sap:updatable="false" sap:sortable="false" sap:filterable="false"/><Property Name="Status" Type="Edm.String" Nullable="false" MaxLength="1" sap:unicode="false" sap:label="RFQ status" sap:creatable="false" sap:updatable="false" sap:sortable="false" sap:filterable="false"/><Property Name="Createdon" Type="Edm.DateTime" Nullable="false" Precision="7" sap:unicode="false" sap:label="Created on" sap:creatable="false" sap:updatable="false" sap:sortable="false" sap:filterable="false"/><Property Name="Createdby" Type="Edm.String" Nullable="false" MaxLength="12" sap:unicode="false" sap:label="Created by" sap:creatable="false" sap:updatable="false" sap:sortable="false" sap:filterable="false"/><Property Name="Vendor" Type="Edm.String" Nullable="false" MaxLength="10" sap:unicode="false" sap:label="Vendor" sap:creatable="false" sap:updatable="false" sap:sortable="false" sap:filterable="false"/><Property Name="Docdate" Type="Edm.DateTime" Nullable="false" Precision="7" sap:unicode="false" sap:label="Document Date" sap:creatable="false" sap:updatable="false" sap:sortable="false" sap:filterable="false"/><Property Name="Telephone" Type="Edm.String" Nullable="false" MaxLength="16" sap:unicode="false" sap:label="Telephone" sap:creatable="false" sap:updatable="false" sap:sortable="false" sap:filterable="false"/><Property Name="Supplvend" Type="Edm.String" Nullable="false" MaxLength="10" sap:unicode="false" sap:label="Goods Supplier" sap:creatable="false" sap:updatable="false" sap:sortable="false" sap:filterable="false"/><Property Name="Rejreason" Type="Edm.String" Nullable="false" MaxLength="2" sap:unicode="false" sap:label="RejectionReason" sap:creatable="false" sap:updatable="false" sap:sortable="false" sap:filterable="false"/><Property Name="Changedon" Type="Edm.DateTime" Nullable="false" Precision="7" sap:unicode="false" sap:label="Changed On" sap:creatable="false" sap:updatable="false" sap:sortable="false" sap:filterable="false"/><Property Name="Material" Type="Edm.String" Nullable="false" MaxLength="18" sap:unicode="false" sap:label="Material" sap:creatable="false" sap:updatable="false" sap:sortable="false" sap:filterable="false"/><Property Name="Purmat" Type="Edm.String" Nullable="false" MaxLength="18" sap:unicode="false" sap:label="Material" sap:creatable="false" sap:updatable="false" sap:sortable="false" sap:filterable="false"/><Property Name="Plant" Type="Edm.String" Nullable="false" MaxLength="4" sap:unicode="false" sap:label="Plant" sap:creatable="false" sap:updatable="false" sap:sortable="false" sap:filterable="false"/><Property Name="Storeloc" Type="Edm.String" Nullable="false" MaxLength="4" sap:unicode="false" sap:label="Stor. Loc." sap:creatable="false" sap:updatable="false" sap:sortable="false" sap:filterable="false"/><Property Name="Quantity" Type="Edm.Decimal" Nullable="false" Precision="13" Scale="3" sap:unicode="false" sap:label="PO Quantity" sap:creatable="false" sap:updatable="false" sap:sortable="false" sap:filterable="false"/><Property Name="Unit" Type="Edm.String" Nullable="false" MaxLength="3" sap:unicode="false" sap:label="Order Unit" sap:creatable="false" sap:updatable="false" sap:sortable="false" sap:filterable="false" sap:semantics="unit-of-measure"/><Property Name="VendName" Type="Edm.String" Nullable="false" MaxLength="35" sap:unicode="false" sap:label="Name" sap:creatable="false" sap:updatable="false" sap:sortable="false" sap:filterable="false"/><Property Name="ShortText" Type="Edm.String" Nullable="false" MaxLength="40" sap:unicode="false" sap:label="Short Text" sap:creatable="false" sap:updatable="false" sap:sortable="false" sap:filterable="false"/></EntityType><EntityType Name="SalesOrder" sap:content-version="1"><Key><PropertyRef Name="SoId"/></Key><Property Name="SoId" Type="Edm.String" Nullable="false" MaxLength="10" sap:unicode="false" sap:label="Sales Order ID" sap:creatable="false" sap:updatable="false" sap:sortable="false" sap:filterable="false"/><Property Name="CreatedBy" Type="Edm.String" Nullable="false" MaxLength="10" sap:unicode="false" sap:label="Ident" sap:creatable="false" sap:updatable="false" sap:sortable="false" sap:filterable="false"/><Property Name="CreatedAt" Type="Edm.DateTime" Nullable="false" Precision="7" sap:unicode="false" sap:label="Time Stamp" sap:creatable="false" sap:updatable="false" sap:sortable="false" sap:filterable="false"/><Property Name="ChangedBy" Type="Edm.String" Nullable="false" MaxLength="10" sap:unicode="false" sap:label="Ident" sap:creatable="false" sap:updatable="false" sap:sortable="false" sap:filterable="false"/><Property Name="ChangedAt" Type="Edm.DateTime" Nullable="false" Precision="7" sap:unicode="false" sap:label="Time Stamp" sap:creatable="false" sap:updatable="false" sap:sortable="false" sap:filterable="false"/><Property Name="CreatedByBp" Type="Edm.Boolean" Nullable="false" sap:unicode="false" sap:label="Value" sap:creatable="false" sap:updatable="false" sap:sortable="false" sap:filterable="false"/><Property Name="ChangedByBp" Type="Edm.Boolean" Nullable="false" sap:unicode="false" sap:label="Value" sap:creatable="false" sap:updatable="false" sap:sortable="false" sap:filterable="false"/><Property Name="Note" Type="Edm.String" Nullable="false" MaxLength="255" sap:unicode="false" sap:label="Description" sap:creatable="false" sap:updatable="false" sap:sortable="false" sap:filterable="false"/><Property Name="BuyerId" Type="Edm.String" Nullable="false" MaxLength="10" sap:unicode="false" sap:label="Business Partner ID" sap:creatable="false" sap:updatable="false" sap:sortable="false" sap:filterable="false"/><Property Name="BuyerName" Type="Edm.String" Nullable="false" MaxLength="80" sap:unicode="false" sap:label="Company" sap:creatable="false" sap:updatable="false" sap:sortable="false" sap:filterable="false"/><Property Name="CurrencyCode" Type="Edm.String" Nullable="false" MaxLength="5" sap:unicode="false" sap:label="Currency Code" sap:creatable="false" sap:updatable="false" sap:sortable="false" sap:filterable="false" sap:semantics="currency-code"/><Property Name="GrossAmount" Type="Edm.Decimal" Nullable="false" Precision="16" Scale="3" sap:unicode="false" sap:unit="CurrencyCode" sap:label="Gross Amount" sap:creatable="false" sap:updatable="false" sap:sortable="false" sap:filterable="false"/><Property Name="GrossAmountExt" Type="Edm.Decimal" Nullable="false" Precision="23" Scale="4" sap:unicode="false" sap:label="Amount" sap:creatable="false" sap:updatable="false" sap:sortable="false" sap:filterable="false"/><Property Name="NetAmount" Type="Edm.Decimal" Nullable="false" Precision="16" Scale="3" sap:unicode="false" sap:unit="CurrencyCode" sap:label="Net Amount" sap:creatable="false" sap:updatable="false" sap:sortable="false" sap:filterable="false"/><Property Name="NetAmountExt" Type="Edm.Decimal" Nullable="false" Precision="23" Scale="4" sap:unicode="false" sap:label="Amount" sap:creatable="false" sap:updatable="false" sap:sortable="false" sap:filterable="false"/><Property Name="TaxAmount" Type="Edm.Decimal" Nullable="false" Precision="16" Scale="3" sap:unicode="false" sap:unit="CurrencyCode" sap:label="Tax Amount" sap:creatable="false" sap:updatable="false" sap:sortable="false" sap:filterable="false"/><Property Name="TaxAmountExt" Type="Edm.Decimal" Nullable="false" Precision="23" Scale="4" sap:unicode="false" sap:label="Amount" sap:creatable="false" sap:updatable="false" sap:sortable="false" sap:filterable="false"/><Property Name="LifecycleStatus" Type="Edm.String" Nullable="false" MaxLength="1" sap:unicode="false" sap:label="Lifecycle Status" sap:creatable="false" sap:updatable="false" sap:sortable="false" sap:filterable="false"/><Property Name="BillingStatus" Type="Edm.String" Nullable="false" MaxLength="1" sap:unicode="false" sap:label="Confirmation Status" sap:creatable="false" sap:updatable="false" sap:sortable="false" sap:filterable="false"/><Property Name="DeliveryStatus" Type="Edm.String" Nullable="false" MaxLength="1" sap:unicode="false" sap:label="Ordering Status" sap:creatable="false" sap:updatable="false" sap:sortable="false" sap:filterable="false"/><NavigationProperty Name="OrderToItems" Relationship="YPJSRV_MDKSERVICE_SRV.SalesOrderToSalesOrderItems" FromRole="FromRole_SalesOrderToSalesOrderItems" ToRole="ToRole_SalesOrderToSalesOrderItems"/></EntityType><EntityType Name="SalesOrderItem" sap:content-version="1"><Key><PropertyRef Name="SoId"/><PropertyRef Name="SoItemPos"/></Key><Property Name="SoId" Type="Edm.String" Nullable="false" MaxLength="10" sap:unicode="false" sap:label="Sales Order ID" sap:creatable="false" sap:updatable="false" sap:sortable="false" sap:filterable="false"/><Property Name="SoItemPos" Type="Edm.String" Nullable="false" MaxLength="10" sap:unicode="false" sap:label="Item Position" sap:creatable="false" sap:updatable="false" sap:sortable="false" sap:filterable="false"/><Property Name="ProductId" Type="Edm.String" Nullable="false" MaxLength="10" sap:unicode="false" sap:label="Product ID" sap:creatable="false" sap:updatable="false" sap:sortable="false" sap:filterable="false"/><Property Name="Note" Type="Edm.String" Nullable="false" MaxLength="255" sap:unicode="false" sap:label="Description" sap:creatable="false" sap:updatable="false" sap:sortable="false" sap:filterable="false"/><Property Name="CurrencyCode" Type="Edm.String" Nullable="false" MaxLength="5" sap:unicode="false" sap:label="Currency Code" sap:creatable="false" sap:updatable="false" sap:sortable="false" sap:filterable="false" sap:semantics="currency-code"/><Property Name="GrossAmount" Type="Edm.Decimal" Nullable="false" Precision="16" Scale="3" sap:unicode="false" sap:unit="CurrencyCode" sap:label="Gross Amount" sap:creatable="false" sap:updatable="false" sap:sortable="false" sap:filterable="false"/><Property Name="GrossAmountExt" Type="Edm.Decimal" Nullable="false" Precision="23" Scale="4" sap:unicode="false" sap:label="Amount" sap:creatable="false" sap:updatable="false" sap:sortable="false" sap:filterable="false"/><Property Name="NetAmount" Type="Edm.Decimal" Nullable="false" Precision="16" Scale="3" sap:unicode="false" sap:unit="CurrencyCode" sap:label="Net Amount" sap:creatable="false" sap:updatable="false" sap:sortable="false" sap:filterable="false"/><Property Name="NetAmountExt" Type="Edm.Decimal" Nullable="false" Precision="23" Scale="4" sap:unicode="false" sap:label="Amount" sap:creatable="false" sap:updatable="false" sap:sortable="false" sap:filterable="false"/><Property Name="TaxAmount" Type="Edm.Decimal" Nullable="false" Precision="16" Scale="3" sap:unicode="false" sap:unit="CurrencyCode" sap:label="Tax Amount" sap:creatable="false" sap:updatable="false" sap:sortable="false" sap:filterable="false"/><Property Name="TaxAmountExt" Type="Edm.Decimal" Nullable="false" Precision="23" Scale="4" sap:unicode="false" sap:label="Amount" sap:creatable="false" sap:updatable="false" sap:sortable="false" sap:filterable="false"/><Property Name="DeliveryDate" Type="Edm.DateTime" Precision="7" sap:unicode="false" sap:label="Time Stamp" sap:creatable="false" sap:updatable="false" sap:sortable="false" sap:filterable="false"/><Property Name="Quantity" Type="Edm.Decimal" Nullable="false" Precision="13" Scale="3" sap:unicode="false" sap:unit="QuantityUnit" sap:label="Quantity" sap:creatable="false" sap:updatable="false" sap:sortable="false" sap:filterable="false"/><Property Name="QuantityUnit" Type="Edm.String" Nullable="false" MaxLength="3" sap:unicode="false" sap:label="Unit of Measure" sap:creatable="false" sap:updatable="false" sap:sortable="false" sap:filterable="false" sap:semantics="unit-of-measure"/><NavigationProperty Name="ItemToProduct" Relationship="YPJSRV_MDKSERVICE_SRV.SalesItemToProduct" FromRole="FromRole_SalesItemToProduct" ToRole="ToRole_SalesItemToProduct"/></EntityType><EntityType Name="Product" sap:content-version="1"><Key><PropertyRef Name="ProductId"/></Key><Property Name="ProductId" Type="Edm.String" Nullable="false" MaxLength="10" sap:unicode="false" sap:label="Product ID" sap:creatable="false" sap:updatable="false" sap:sortable="false" sap:filterable="false"/><Property Name="TypeCode" Type="Edm.String" Nullable="false" MaxLength="2" sap:unicode="false" sap:label="Type Code" sap:creatable="false" sap:updatable="false" sap:sortable="false" sap:filterable="false"/><Property Name="Category" Type="Edm.String" Nullable="false" MaxLength="40" sap:unicode="false" sap:label="Category" sap:creatable="false" sap:updatable="false" sap:sortable="false" sap:filterable="false"/><Property Name="Name" Type="Edm.String" Nullable="false" MaxLength="255" sap:unicode="false" sap:label="Description" sap:creatable="false" sap:updatable="false" sap:sortable="false" sap:filterable="false"/><Property Name="Description" Type="Edm.String" Nullable="false" MaxLength="255" sap:unicode="false" sap:label="Description" sap:creatable="false" sap:updatable="false" sap:sortable="false" sap:filterable="false"/><Property Name="SupplierId" Type="Edm.String" Nullable="false" MaxLength="10" sap:unicode="false" sap:label="Business Partner ID" sap:creatable="false" sap:updatable="false" sap:sortable="false" sap:filterable="false"/><Property Name="SupplierName" Type="Edm.String" Nullable="false" MaxLength="80" sap:unicode="false" sap:label="Company" sap:creatable="false" sap:updatable="false" sap:sortable="false" sap:filterable="false"/><Property Name="TaxTarifCode" Type="Edm.Byte" Nullable="false" sap:unicode="false" sap:label="Tax Tariff Code" sap:creatable="false" sap:updatable="false" sap:sortable="false" sap:filterable="false"/><Property Name="MeasureUnit" Type="Edm.String" Nullable="false" MaxLength="3" sap:unicode="false" sap:label="Unit of Measure" sap:creatable="false" sap:updatable="false" sap:sortable="false" sap:filterable="false" sap:semantics="unit-of-measure"/><Property Name="WeightMeasure" Type="Edm.Decimal" Nullable="false" Precision="13" Scale="3" sap:unicode="false" sap:unit="WeightUnit" sap:label="Weight" sap:creatable="false" sap:updatable="false" sap:sortable="false" sap:filterable="false"/><Property Name="WeightUnit" Type="Edm.String" Nullable="false" MaxLength="3" sap:unicode="false" sap:label="Unit of Measure" sap:creatable="false" sap:updatable="false" sap:sortable="false" sap:filterable="false" sap:semantics="unit-of-measure"/><Property Name="Price" Type="Edm.Decimal" Nullable="false" Precision="23" Scale="4" sap:unicode="false" sap:label="Price" sap:creatable="false" sap:updatable="false" sap:sortable="false" sap:filterable="false"/><Property Name="CurrencyCode" Type="Edm.String" Nullable="false" MaxLength="5" sap:unicode="false" sap:label="Currency Code" sap:creatable="false" sap:updatable="false" sap:sortable="false" sap:filterable="false" sap:semantics="currency-code"/><Property Name="Width" Type="Edm.Decimal" Nullable="false" Precision="13" Scale="3" sap:unicode="false" sap:unit="DimUnit" sap:label="Dimensions" sap:creatable="false" sap:updatable="false" sap:sortable="false" sap:filterable="false"/><Property Name="Depth" Type="Edm.Decimal" Nullable="false" Precision="13" Scale="3" sap:unicode="false" sap:unit="DimUnit" sap:label="Dimensions" sap:creatable="false" sap:updatable="false" sap:sortable="false" sap:filterable="false"/><Property Name="Height" Type="Edm.Decimal" Nullable="false" Precision="13" Scale="3" sap:unicode="false" sap:unit="DimUnit" sap:label="Dimensions" sap:creatable="false" sap:updatable="false" sap:sortable="false" sap:filterable="false"/><Property Name="DimUnit" Type="Edm.String" Nullable="false" MaxLength="3" sap:unicode="false" sap:label="Dimension Unit" sap:creatable="false" sap:updatable="false" sap:sortable="false" sap:filterable="false" sap:semantics="unit-of-measure"/><Property Name="ProductPicUrl" Type="Edm.String" Nullable="false" MaxLength="255" sap:unicode="false" sap:label="Image" sap:creatable="false" sap:updatable="false" sap:sortable="false" sap:filterable="false"/></EntityType><Association Name="SalesOrderToSalesOrderItems" sap:content-version="1"><End Type="YPJSRV_MDKSERVICE_SRV.SalesOrder" Multiplicity="1" Role="FromRole_SalesOrderToSalesOrderItems"/><End Type="YPJSRV_MDKSERVICE_SRV.SalesOrderItem" Multiplicity="*" Role="ToRole_SalesOrderToSalesOrderItems"/><ReferentialConstraint><Principal Role="FromRole_SalesOrderToSalesOrderItems"><PropertyRef Name="SoId"/></Principal><Dependent Role="ToRole_SalesOrderToSalesOrderItems"><PropertyRef Name="SoId"/></Dependent></ReferentialConstraint></Association><Association Name="SalesItemToProduct" sap:content-version="1"><End Type="YPJSRV_MDKSERVICE_SRV.SalesOrderItem" Multiplicity="1" Role="FromRole_SalesItemToProduct"/><End Type="YPJSRV_MDKSERVICE_SRV.Product" Multiplicity="1" Role="ToRole_SalesItemToProduct"/></Association><EntityContainer Name="YPJSRV_MDKSERVICE_SRV_Entities" m:IsDefaultEntityContainer="true" sap:supported-formats="atom json xlsx"><EntitySet Name="GetPODetailSet" EntityType="YPJSRV_MDKSERVICE_SRV.GetPODetail" sap:creatable="false" sap:updatable="false" sap:deletable="false" sap:pageable="false" sap:content-version="1"/><EntitySet Name="PurchaseOrderDetailSet" EntityType="YPJSRV_MDKSERVICE_SRV.PurchaseOrderDetail" sap:creatable="false" sap:updatable="false" sap:deletable="false" sap:pageable="false" sap:content-version="1"/><EntitySet Name="SalesOrderSet" EntityType="YPJSRV_MDKSERVICE_SRV.SalesOrder" sap:creatable="false" sap:updatable="false" sap:deletable="false" sap:pageable="false" sap:content-version="1"/><EntitySet Name="SalesOrderItemSet" EntityType="YPJSRV_MDKSERVICE_SRV.SalesOrderItem" sap:creatable="false" sap:updatable="false" sap:deletable="false" sap:pageable="false" sap:content-version="1"/><EntitySet Name="ProductSet" EntityType="YPJSRV_MDKSERVICE_SRV.Product" sap:creatable="false" sap:updatable="false" sap:deletable="false" sap:pageable="false" sap:content-version="1"/><AssociationSet Name="SalesItemToProductSet" Association="YPJSRV_MDKSERVICE_SRV.SalesItemToProduct" sap:creatable="false" sap:updatable="false" sap:deletable="false" sap:content-version="1"><End EntitySet="SalesOrderItemSet" Role="FromRole_SalesItemToProduct"/><End EntitySet="ProductSet" Role="ToRole_SalesItemToProduct"/></AssociationSet><AssociationSet Name="SalesOrderToSalesOrderItemsSet" Association="YPJSRV_MDKSERVICE_SRV.SalesOrderToSalesOrderItems" sap:creatable="false" sap:updatable="false" sap:deletable="false" sap:content-version="1"><End EntitySet="SalesOrderSet" Role="FromRole_SalesOrderToSalesOrderItems"/><End EntitySet="SalesOrderItemSet" Role="ToRole_SalesOrderToSalesOrderItems"/></AssociationSet><FunctionImport Name="PostToSap" ReturnType="YPJSRV_MDKSERVICE_SRV.PurchaseOrderDetail" EntitySet="PurchaseOrderDetailSet" m:HttpMethod="POST" sap:action-for="YPJSRV_MDKSERVICE_SRV.PurchaseOrderDetail"><Parameter Name="Ponumber" Type="Edm.String" Mode="In" MaxLength="18"/><Parameter Name="Mdksysid" Type="Edm.String" Mode="In" MaxLength="20"/></FunctionImport><FunctionImport Name="GetTest" ReturnType="YPJSRV_MDKSERVICE_SRV.PurchaseOrderDetail" EntitySet="PurchaseOrderDetailSet" m:HttpMethod="GET" sap:action-for="YPJSRV_MDKSERVICE_SRV.PurchaseOrderDetail"><Parameter Name="Data1" Type="Edm.String" Mode="In" MaxLength="1"/></FunctionImport></EntityContainer><link xmlns:atom="http://www.w3.org/2005/Atom" rel="self" href="http://sapshdad.soltius.co.id:8030/sap/opu/odata/sap/YPJSRV_MDKSERVICE_SRV/$metadata"/><link xmlns:atom="http://www.w3.org/2005/Atom" rel="latest-version" href="http://sapshdad.soltius.co.id:8030/sap/opu/odata/sap/YPJSRV_MDKSERVICE_SRV/$metadata"/></Schema></DataServices></Edmx>